id_pedido,producto,categoria,monto,costo,fecha,ganancia_neta
ORD-0,Teclado Mecánico,Gaming,1096.15,875.15,2026-03-04,221.0000000000001
ORD-1,Teclado Mecánico,Gaming,891.81,541.31,2026-03-17,350.5
ORD-2,Smartphone A54,Celulares,1685.81,869.12,2026-03-19,816.6899999999999
ORD-3,Parlante Eco,Audio,1400.53,1053.93,2026-03-03,346.5999999999999
ORD-4,Consola X,Gaming,1298.09,1018.0,2026-03-02,280.0899999999999
ORD-5,Auriculares BT,Audio,1629.67,969.1,2026-03-04,660.57
ORD-6,Teclado Mecánico,Gaming,1782.54,1399.07,2026-03-19,383.47
ORD-7,iPhone 15,Celulares,1564.49,827.4,2026-03-09,737.09
ORD-8,iPhone 15,Celulares,1649.77,977.92,2026-03-04,671.85
ORD-9,Laptop Pro,Computación,876.83,546.65,2026-03-10,330.18000000000006
ORD-10,Consola X,Gaming,1553.52,831.39,2026-03-01,722.13
ORD-11,Consola X,Gaming,741.78,381.04,2026-03-04,360.73999999999995
ORD-12,Consola X,Gaming,891.04,676.89,2026-03-07,214.14999999999998
ORD-13,Monitor 24,Computación,1714.52,1078.78,2026-03-06,635.74
ORD-14,Monitor 24,Computación,1506.76,798.93,2026-03-06,707.83
ORD-15,Consola X,Gaming,1221.53,850.22,2026-03-15,371.30999999999995
ORD-16,iPhone 15,Celulares,1864.1,963.24,2026-03-11,900.8599999999999
ORD-17,Smartphone A54,Celulares,662.05,504.96,2026-03-12,157.08999999999997
ORD-18,Smartphone A54,Celulares,1194.45,725.3,2026-03-09,469.1500000000001
ORD-19,Smartphone A54,Celulares,1966.22,1040.12,2026-03-03,926.1000000000001
ORD-20,Auriculares BT,Audio,1950.92,1442.74,2026-03-09,508.18000000000006
ORD-21,Monitor 24,Computación,702.82,376.2,2026-03-12,326.62000000000006
ORD-22,Teclado Mecánico,Gaming,1373.73,924.68,2026-03-21,449.05000000000007
ORD-23,iPhone 15,Celulares,1131.08,588.21,2026-03-14,542.8699999999999
ORD-24,Monitor 24,Computación,1530.36,1216.27,2026-03-07,314.0899999999999
ORD-25,Consola X,Gaming,1094.93,637.91,2026-03-16,457.0200000000001
ORD-26,Monitor 24,Computación,1862.24,1030.79,2026-03-20,831.45
ORD-27,iPhone 15,Celulares,1099.27,709.07,2026-03-11,390.19999999999993
ORD-28,Teclado Mecánico,Gaming,1072.99,554.19,2026-03-04,518.8
ORD-29,Consola X,Gaming,1906.6,970.39,2026-03-10,936.2099999999999
ORD-30,Monitor 24,Computación,1508.94,1143.98,2026-03-01,364.96000000000004
ORD-31,iPhone 15,Celulares,1699.71,1233.82,2026-03-20,465.8900000000001
ORD-32,Consola X,Gaming,1265.71,759.72,2026-03-18,505.99
ORD-33,Monitor 24,Computación,1747.35,924.74,2026-03-19,822.6099999999999
ORD-34,iPhone 15,Celulares,1982.64,1489.84,2026-03-07,492.8000000000002
ORD-35,Smartphone A54,Celulares,901.86,623.04,2026-03-05,278.82000000000005
ORD-36,Teclado Mecánico,Gaming,1448.17,888.24,2026-03-07,559.9300000000001
ORD-37,Parlante Eco,Audio,1404.35,1058.05,2026-03-10,346.29999999999995
ORD-38,Teclado Mecánico,Gaming,1645.71,1298.02,2026-03-06,347.69000000000005
ORD-39,Monitor 24,Computación,1980.94,1188.22,2026-03-13,792.72
ORD-40,Monitor 24,Computación,1298.97,817.16,2026-03-12,481.81000000000006
ORD-41,Auriculares BT,Audio,916.37,629.54,2026-03-12,286.83000000000004
ORD-42,iPhone 15,Celulares,835.81,548.58,2026-03-12,287.2299999999999
ORD-43,Smartphone A54,Celulares,1550.31,824.75,2026-03-08,725.56
ORD-44,Smartphone A54,Celulares,761.56,447.46,2026-03-17,314.09999999999997
ORD-45,iPhone 15,Celulares,723.46,511.8,2026-03-19,211.66000000000003
ORD-46,Monitor 24,Computación,882.33,594.73,2026-03-04,287.6
ORD-47,Teclado Mecánico,Gaming,1720.86,1032.78,2026-03-09,688.0799999999999
ORD-48,Laptop Pro,Computación,1659.25,1219.79,2026-03-20,439.46000000000004
ORD-49,Monitor 24,Computación,1217.9,662.6,2026-03-18,555.3000000000001
ORD-50,Laptop Pro,Computación,882.39,589.0,2026-03-09,293.39
ORD-51,Smartphone A54,Celulares,1022.75,792.33,2026-03-10,230.41999999999996
ORD-52,Teclado Mecánico,Gaming,1746.19,977.33,2026-03-17,768.86
ORD-53,Consola X,Gaming,769.19,423.59,2026-03-19,345.6000000000001
ORD-54,Auriculares BT,Audio,1603.68,1176.37,2026-03-14,427.3100000000002
ORD-55,Teclado Mecánico,Gaming,1805.2,1123.8,2026-03-03,681.4000000000001
ORD-56,Smartphone A54,Celulares,1522.62,946.07,2026-03-11,576.5499999999998
ORD-57,Laptop Pro,Computación,1229.4,792.9,2026-03-04,436.5000000000001
ORD-58,Teclado Mecánico,Gaming,1647.38,1281.67,2026-03-18,365.71000000000004
ORD-59,Teclado Mecánico,Gaming,1906.77,1491.41,2026-03-21,415.3599999999999
ORD-60,iPhone 15,Celulares,1069.71,736.33,2026-03-06,333.38
ORD-61,Smartphone A54,Celulares,879.27,577.94,2026-03-06,301.3299999999999
ORD-62,iPhone 15,Celulares,1326.46,732.11,2026-03-02,594.35
ORD-63,Laptop Pro,Computación,1024.51,806.23,2026-03-04,218.27999999999997
ORD-64,Smartphone A54,Celulares,1493.62,917.8,2026-03-02,575.8199999999999
ORD-65,Teclado Mecánico,Gaming,1790.12,1211.0,2026-03-12,579.1199999999999
ORD-66,Auriculares BT,Audio,1888.06,1325.61,2026-03-10,562.45
ORD-67,Monitor 24,Computación,1123.98,687.67,2026-03-13,436.31000000000006
ORD-68,Parlante Eco,Audio,1609.2,952.83,2026-03-09,656.37
ORD-69,Consola X,Gaming,1126.04,854.73,2026-03-02,271.30999999999995
ORD-70,Teclado Mecánico,Gaming,1170.59,778.38,2026-03-21,392.2099999999999
ORD-71,iPhone 15,Celulares,1941.67,1338.75,2026-03-13,602.9200000000001
ORD-72,Teclado Mecánico,Gaming,1277.41,983.18,2026-03-03,294.23000000000013
ORD-73,Teclado Mecánico,Gaming,1840.12,1310.32,2026-03-01,529.8
ORD-74,Smartphone A54,Celulares,978.57,637.14,2026-03-03,341.43000000000006
ORD-75,Consola X,Gaming,1081.1,630.47,2026-03-03,450.6299999999999
ORD-76,Parlante Eco,Audio,1327.63,709.85,2026-03-08,617.7800000000001
ORD-77,Smartphone A54,Celulares,937.05,614.76,2026-03-14,322.28999999999996
ORD-78,Laptop Pro,Computación,542.97,356.38,2026-03-06,186.59000000000003
ORD-79,Auriculares BT,Audio,1767.52,1352.2,2026-03-09,415.31999999999994
ORD-80,Parlante Eco,Audio,1866.36,1266.9,2026-03-18,599.4599999999998
ORD-81,Laptop Pro,Computación,603.35,457.64,2026-03-03,145.71000000000004
ORD-82,Parlante Eco,Audio,1833.64,1219.35,2026-03-05,614.2900000000002
ORD-83,iPhone 15,Celulares,1772.9,1281.18,2026-03-13,491.72
ORD-84,Smartphone A54,Celulares,710.35,382.11,2026-03-08,328.24
ORD-85,Laptop Pro,Computación,1458.76,811.48,2026-03-16,647.28
ORD-86,Teclado Mecánico,Gaming,637.87,376.48,2026-03-13,261.39
ORD-87,Monitor 24,Computación,1841.57,1164.81,2026-03-12,676.76
ORD-88,Teclado Mecánico,Gaming,1416.81,936.51,2026-03-03,480.29999999999995
ORD-89,Laptop Pro,Computación,721.99,499.67,2026-03-05,222.32
ORD-90,Parlante Eco,Audio,1005.39,510.54,2026-03-12,494.84999999999997
ORD-91,iPhone 15,Celulares,1264.64,862.74,2026-03-04,401.9000000000001
ORD-92,Monitor 24,Computación,1846.35,1379.85,2026-03-12,466.5
ORD-93,Smartphone A54,Celulares,854.74,602.03,2026-03-15,252.71000000000004
ORD-94,Auriculares BT,Audio,1543.12,896.06,2026-03-02,647.06
ORD-95,Teclado Mecánico,Gaming,1181.12,741.66,2026-03-17,439.4599999999999
ORD-96,Consola X,Gaming,1416.64,791.37,2026-03-12,625.2700000000001
ORD-97,Auriculares BT,Audio,1226.21,723.92,2026-03-15,502.2900000000001
ORD-98,Auriculares BT,Audio,513.38,284.48,2026-03-17,228.89999999999998
ORD-99,Teclado Mecánico,Gaming,619.26,355.1,2026-03-02,264.15999999999997
ORD-100,Smartphone A54,Celulares,1496.74,878.23,2026-03-11,618.51
ORD-101,Consola X,Gaming,683.03,536.22,2026-03-21,146.80999999999995
ORD-102,Auriculares BT,Audio,1116.46,761.4,2026-03-08,355.06000000000006
ORD-103,iPhone 15,Celulares,1795.65,1181.21,2026-03-01,614.44
ORD-104,Smartphone A54,Celulares,1157.52,601.71,2026-03-12,555.81
ORD-105,Consola X,Gaming,1652.22,859.92,2026-03-08,792.3000000000001
ORD-106,iPhone 15,Celulares,1376.12,981.03,2026-03-05,395.0899999999999
ORD-107,Monitor 24,Computación,611.05,311.39,2026-03-03,299.65999999999997
ORD-108,Parlante Eco,Audio,1617.57,1077.77,2026-03-03,539.8
ORD-109,Teclado Mecánico,Gaming,789.97,417.76,2026-03-02,372.21000000000004
ORD-110,Smartphone A54,Celulares,529.13,366.95,2026-03-14,162.18
ORD-111,Monitor 24,Computación,657.0,382.26,2026-03-12,274.74
ORD-112,iPhone 15,Celulares,502.62,368.12,2026-03-09,134.5
ORD-113,Laptop Pro,Computación,1441.3,1080.71,2026-03-10,360.5899999999999
ORD-114,iPhone 15,Celulares,1816.05,1089.87,2026-03-20,726.1800000000001
ORD-115,Laptop Pro,Computación,1933.65,1120.27,2026-03-07,813.3800000000001
ORD-116,Smartphone A54,Celulares,1681.44,1132.27,2026-03-09,549.1700000000001
ORD-117,Teclado Mecánico,Gaming,531.71,407.47,2026-03-19,124.24000000000001
ORD-118,Teclado Mecánico,Gaming,653.36,376.42,2026-03-01,276.94
ORD-119,Teclado Mecánico,Gaming,645.93,462.01,2026-03-20,183.91999999999996
ORD-120,Smartphone A54,Celulares,1448.02,1060.4,2026-03-08,387.6199999999999
ORD-121,Smartphone A54,Celulares,1080.54,857.81,2026-03-21,222.73000000000002
ORD-122,Teclado Mecánico,Gaming,1718.58,1018.78,2026-03-11,699.8
ORD-123,Teclado Mecánico,Gaming,1897.59,1388.73,2026-03-08,508.8599999999999
ORD-124,iPhone 15,Celulares,1340.99,941.16,2026-03-01,399.83000000000004
ORD-125,Auriculares BT,Audio,1358.21,976.43,2026-03-11,381.7800000000001
ORD-126,Consola X,Gaming,1064.11,753.82,2026-03-03,310.28999999999985
ORD-127,Parlante Eco,Audio,1452.61,1082.73,2026-03-11,369.8799999999999
ORD-128,Monitor 24,Computación,1608.24,843.49,2026-03-03,764.75
ORD-129,iPhone 15,Celulares,841.64,506.14,2026-03-14,335.5
ORD-130,Teclado Mecánico,Gaming,996.88,698.58,2026-03-17,298.29999999999995
ORD-131,Laptop Pro,Computación,1267.87,679.36,2026-03-15,588.5099999999999
ORD-132,Teclado Mecánico,Gaming,602.98,430.26,2026-03-04,172.72000000000003
ORD-133,Parlante Eco,Audio,1030.67,734.32,2026-03-07,296.35
ORD-134,Parlante Eco,Audio,1745.55,1101.07,2026-03-05,644.48
ORD-135,iPhone 15,Celulares,1245.08,968.66,2026-03-14,276.41999999999996
ORD-136,Teclado Mecánico,Gaming,1233.1,807.88,2026-03-21,425.2199999999999
ORD-137,Monitor 24,Computación,546.85,355.89,2026-03-17,190.96000000000004
ORD-138,Parlante Eco,Audio,617.38,327.2,2026-03-10,290.18
ORD-139,Auriculares BT,Audio,594.94,455.51,2026-03-18,139.43000000000006
ORD-140,Teclado Mecánico,Gaming,1798.21,947.62,2026-03-08,850.59
ORD-141,Consola X,Gaming,1638.19,921.57,2026-03-21,716.62
ORD-142,Consola X,Gaming,1522.4,997.45,2026-03-11,524.95
ORD-143,Monitor 24,Computación,635.59,340.88,2026-03-14,294.71000000000004
ORD-144,Laptop Pro,Computación,1961.1,1562.15,2026-03-02,398.9499999999998
ORD-145,Parlante Eco,Audio,1889.41,1194.84,2026-03-11,694.5700000000002
ORD-146,Auriculares BT,Audio,1712.16,1337.74,2026-03-02,374.4200000000001
ORD-147,Smartphone A54,Celulares,1645.14,1045.52,2026-03-14,599.6200000000001
ORD-148,Parlante Eco,Audio,784.65,478.84,2026-03-17,305.81
ORD-149,Smartphone A54,Celulares,1648.0,852.48,2026-03-15,795.52
ORD-150,Teclado Mecánico,Gaming,1004.3,605.97,2026-03-06,398.3299999999999
ORD-151,Laptop Pro,Computación,1651.78,933.58,2026-03-16,718.1999999999999
ORD-152,Consola X,Gaming,964.53,482.47,2026-03-17,482.05999999999995
ORD-153,iPhone 15,Celulares,1797.36,1195.32,2026-03-08,602.04
ORD-154,Auriculares BT,Audio,1325.3,870.25,2026-03-20,455.04999999999995
ORD-155,Smartphone A54,Celulares,909.74,508.49,2026-03-18,401.25
ORD-156,Auriculares BT,Audio,1910.13,1446.46,2026-03-12,463.6700000000001
ORD-157,Laptop Pro,Computación,1221.38,964.38,2026-03-13,257.0000000000001
ORD-158,Parlante Eco,Audio,1026.32,635.79,2026-03-01,390.53
ORD-159,Teclado Mecánico,Gaming,1582.99,1223.23,2026-03-17,359.76
ORD-160,Consola X,Gaming,609.7,317.97,2026-03-10,291.73
ORD-161,Monitor 24,Computación,1304.31,955.37,2026-03-10,348.93999999999994
ORD-162,Consola X,Gaming,541.59,410.18,2026-03-08,131.41000000000003
ORD-163,iPhone 15,Celulares,1378.98,1002.15,2026-03-18,376.83000000000004
ORD-164,Teclado Mecánico,Gaming,1719.33,1196.09,2026-03-05,523.24
ORD-165,Auriculares BT,Audio,1998.6,1167.41,2026-03-04,831.1899999999998
ORD-166,Monitor 24,Computación,1277.79,677.0,2026-03-11,600.79
ORD-167,Laptop Pro,Computación,1125.52,770.6,2026-03-01,354.91999999999996
ORD-168,Monitor 24,Computación,831.45,555.93,2026-03-02,275.5200000000001
ORD-169,Monitor 24,Computación,837.33,654.28,2026-03-08,183.05000000000007
ORD-170,Smartphone A54,Celulares,1793.54,1266.0,2026-03-03,527.54
ORD-171,Teclado Mecánico,Gaming,1433.78,881.33,2026-03-06,552.4499999999999
ORD-172,iPhone 15,Celulares,1144.18,630.92,2026-03-10,513.2600000000001
ORD-173,iPhone 15,Celulares,1166.42,915.37,2026-03-02,251.05000000000007
ORD-174,Laptop Pro,Computación,1222.84,920.38,2026-03-14,302.4599999999999
ORD-175,Monitor 24,Computación,1152.29,671.03,2026-03-18,481.26
ORD-176,iPhone 15,Celulares,869.46,560.2,2026-03-04,309.26
ORD-177,Teclado Mecánico,Gaming,1782.94,1334.64,2026-03-10,448.29999999999995
ORD-178,Laptop Pro,Computación,1953.8,1412.03,2026-03-09,541.77
ORD-179,Teclado Mecánico,Gaming,1643.42,1112.53,2026-03-16,530.8900000000001
ORD-180,Auriculares BT,Audio,1955.34,1441.08,2026-03-19,514.26
ORD-181,Monitor 24,Computación,1169.46,785.24,2026-03-16,384.22
ORD-182,Laptop Pro,Computación,1883.97,1080.06,2026-03-17,803.9100000000001
ORD-183,Parlante Eco,Audio,1749.94,1077.31,2026-03-20,672.6300000000001
ORD-184,Teclado Mecánico,Gaming,1070.97,815.19,2026-03-04,255.77999999999997
ORD-185,Laptop Pro,Computación,1884.76,1289.49,2026-03-21,595.27
ORD-186,Parlante Eco,Audio,1270.45,1006.74,2026-03-15,263.71000000000004
ORD-187,Parlante Eco,Audio,697.44,547.15,2026-03-17,150.29000000000008
ORD-188,Monitor 24,Computación,1083.64,812.82,2026-03-14,270.82000000000005
ORD-189,Teclado Mecánico,Gaming,1853.02,1144.53,2026-03-21,708.49
ORD-190,Teclado Mecánico,Gaming,1882.3,1119.38,2026-03-11,762.9199999999998
ORD-191,Teclado Mecánico,Gaming,1634.16,1305.83,2026-03-14,328.33000000000015
ORD-192,Smartphone A54,Celulares,839.89,611.75,2026-03-05,228.14
ORD-193,Parlante Eco,Audio,1106.73,831.71,2026-03-13,275.02
ORD-194,Smartphone A54,Celulares,1463.52,869.77,2026-03-10,593.75
ORD-195,iPhone 15,Celulares,1294.29,741.14,2026-03-10,553.15
ORD-196,iPhone 15,Celulares,1523.65,1065.16,2026-03-17,458.49
ORD-197,Auriculares BT,Audio,671.43,524.16,2026-03-21,147.26999999999998
ORD-198,Parlante Eco,Audio,1552.82,899.03,2026-03-08,653.79
ORD-199,Smartphone A54,Celulares,1780.67,1369.55,2026-03-02,411.1200000000001
ORD-200,Parlante Eco,Audio,1973.65,1365.91,2026-03-21,607.74
ORD-201,iPhone 15,Celulares,584.22,414.21,2026-03-19,170.01000000000005
ORD-202,Teclado Mecánico,Gaming,740.67,398.07,2026-03-12,342.59999999999997
ORD-203,Consola X,Gaming,1934.48,1457.65,2026-03-12,476.8299999999999
ORD-204,Consola X,Gaming,1678.4,1154.2,2026-03-21,524.2
ORD-205,Monitor 24,Computación,1486.01,1123.09,2026-03-07,362.9200000000001
ORD-206,Parlante Eco,Audio,873.15,525.23,2026-03-12,347.91999999999996
ORD-207,Auriculares BT,Audio,1260.14,859.87,2026-03-15,400.2700000000001
ORD-208,Parlante Eco,Audio,1346.49,969.7,2026-03-17,376.78999999999996
ORD-209,Laptop Pro,Computación,588.22,348.44,2026-03-01,239.78000000000003
ORD-210,Monitor 24,Computación,1132.04,574.74,2026-03-15,557.3
ORD-211,Teclado Mecánico,Gaming,1238.96,748.11,2026-03-13,490.85
ORD-212,Parlante Eco,Audio,564.68,382.77,2026-03-16,181.90999999999997
ORD-213,iPhone 15,Celulares,1946.71,1536.13,2026-03-11,410.5799999999999
ORD-214,Smartphone A54,Celulares,745.99,489.07,2026-03-11,256.92
ORD-215,Smartphone A54,Celulares,1009.03,623.8,2026-03-14,385.23
ORD-216,Consola X,Gaming,1433.16,907.61,2026-03-02,525.5500000000001
ORD-217,Smartphone A54,Celulares,995.04,598.68,2026-03-15,396.36
ORD-218,Teclado Mecánico,Gaming,1376.41,986.51,2026-03-06,389.9000000000001
ORD-219,Smartphone A54,Celulares,1838.12,1195.91,2026-03-11,642.2099999999998
ORD-220,Auriculares BT,Audio,1383.73,751.9,2026-03-06,631.83
ORD-221,Monitor 24,Computación,1433.42,820.06,2026-03-09,613.3600000000001
ORD-222,iPhone 15,Celulares,1505.89,826.85,2026-03-08,679.0400000000001
ORD-223,Smartphone A54,Celulares,585.07,464.34,2026-03-20,120.73000000000008
ORD-224,Smartphone A54,Celulares,870.21,595.5,2026-03-07,274.71000000000004
ORD-225,Parlante Eco,Audio,785.86,401.55,2026-03-06,384.31
ORD-226,Laptop Pro,Computación,942.37,726.26,2026-03-06,216.11
ORD-227,Smartphone A54,Celulares,793.12,398.51,2026-03-04,394.61
ORD-228,Parlante Eco,Audio,1207.92,917.59,2026-03-02,290.33000000000004
ORD-229,Parlante Eco,Audio,1712.64,1062.23,2026-03-21,650.4100000000001
ORD-230,Teclado Mecánico,Gaming,922.36,667.17,2026-03-05,255.19000000000005
ORD-231,Smartphone A54,Celulares,509.47,275.02,2026-03-21,234.45000000000005
ORD-232,Consola X,Gaming,1335.71,854.82,2026-03-05,480.89
ORD-233,Consola X,Gaming,556.14,321.84,2026-03-09,234.3
ORD-234,iPhone 15,Celulares,1737.0,1120.66,2026-03-07,616.3399999999999
ORD-235,Monitor 24,Computación,996.91,516.38,2026-03-20,480.53
ORD-236,Smartphone A54,Celulares,1401.67,1028.09,2026-03-11,373.58000000000015
ORD-237,Parlante Eco,Audio,1604.87,1136.2,2026-03-18,468.66999999999985
ORD-238,Parlante Eco,Audio,1873.06,1170.12,2026-03-11,702.94
ORD-239,Consola X,Gaming,1018.94,787.38,2026-03-15,231.56000000000006
ORD-240,iPhone 15,Celulares,1137.83,856.81,2026-03-17,281.02
ORD-241,Smartphone A54,Celulares,702.06,489.01,2026-03-04,213.04999999999995
ORD-242,Teclado Mecánico,Gaming,1700.7,922.36,2026-03-07,778.34
ORD-243,Auriculares BT,Audio,1650.23,1214.66,2026-03-13,435.56999999999994
ORD-244,Auriculares BT,Audio,732.99,547.95,2026-03-07,185.03999999999996
ORD-245,iPhone 15,Celulares,1958.97,1559.87,2026-03-06,399.10000000000014
ORD-246,Laptop Pro,Computación,1761.62,930.57,2026-03-09,831.0499999999998
ORD-247,Teclado Mecánico,Gaming,1545.02,947.11,2026-03-21,597.91
ORD-248,Parlante Eco,Audio,1602.38,933.68,2026-03-20,668.7000000000002
ORD-249,Parlante Eco,Audio,1383.24,753.45,2026-03-14,629.79
ORD-250,Consola X,Gaming,647.04,385.17,2026-03-16,261.86999999999995
ORD-251,Consola X,Gaming,1114.74,802.77,2026-03-17,311.97
ORD-252,Parlante Eco,Audio,1898.81,1461.55,2026-03-04,437.26
ORD-253,Auriculares BT,Audio,1275.06,967.41,2026-03-15,307.65
ORD-254,iPhone 15,Celulares,1417.7,727.09,2026-03-13,690.61
ORD-255,Teclado Mecánico,Gaming,1934.09,1020.47,2026-03-18,913.6199999999999
ORD-256,Parlante Eco,Audio,736.43,523.55,2026-03-03,212.88
ORD-257,Auriculares BT,Audio,550.76,412.8,2026-03-04,137.95999999999998
ORD-258,Auriculares BT,Audio,1180.1,705.44,2026-03-06,474.65999999999985
ORD-259,Parlante Eco,Audio,1420.02,856.43,2026-03-12,563.59
ORD-260,Smartphone A54,Celulares,1446.5,887.17,2026-03-21,559.33
ORD-261,Laptop Pro,Computación,1065.53,830.07,2026-03-07,235.45999999999992
ORD-262,iPhone 15,Celulares,1697.74,901.81,2026-03-05,795.9300000000001
ORD-263,Teclado Mecánico,Gaming,1760.62,1340.36,2026-03-21,420.26
ORD-264,Teclado Mecánico,Gaming,1331.77,687.17,2026-03-18,644.6
ORD-265,Auriculares BT,Audio,1306.46,1042.31,2026-03-03,264.1500000000001
ORD-266,Laptop Pro,Computación,888.48,489.73,2026-03-07,398.75
ORD-267,Consola X,Gaming,727.42,422.63,2026-03-07,304.78999999999996
ORD-268,Consola X,Gaming,1461.46,837.12,2026-03-09,624.34
ORD-269,Teclado Mecánico,Gaming,1689.4,1286.56,2026-03-18,402.84000000000015
ORD-270,iPhone 15,Celulares,1266.31,640.15,2026-03-07,626.16
ORD-271,Parlante Eco,Audio,1250.85,991.4,2026-03-14,259.44999999999993
ORD-272,Auriculares BT,Audio,1759.94,1302.62,2026-03-02,457.32000000000016
ORD-273,Auriculares BT,Audio,1096.74,564.07,2026-03-09,532.67
ORD-274,Teclado Mecánico,Gaming,511.3,313.21,2026-03-16,198.09000000000003
ORD-275,Monitor 24,Computación,1265.58,712.81,2026-03-10,552.77
ORD-276,Laptop Pro,Computación,1494.47,947.34,2026-03-19,547.13
ORD-277,Smartphone A54,Celulares,1432.67,883.81,2026-03-21,548.8600000000001
ORD-278,Auriculares BT,Audio,947.08,484.46,2026-03-02,462.62000000000006
ORD-279,Monitor 24,Computación,1631.0,1170.01,2026-03-12,460.99
ORD-280,Laptop Pro,Computación,1659.58,946.8,2026-03-14,712.78
ORD-281,iPhone 15,Celulares,1479.82,748.26,2026-03-09,731.56
ORD-282,iPhone 15,Celulares,1218.68,795.26,2026-03-03,423.4200000000001
ORD-283,Teclado Mecánico,Gaming,1889.76,1156.79,2026-03-07,732.97
ORD-284,Smartphone A54,Celulares,868.76,466.25,2026-03-12,402.51
ORD-285,Monitor 24,Computación,553.09,388.95,2026-03-10,164.14000000000004
ORD-286,Auriculares BT,Audio,634.38,367.65,2026-03-16,266.73
ORD-287,Monitor 24,Computación,887.93,525.76,2026-03-13,362.16999999999996
ORD-288,Laptop Pro,Computación,1517.54,1109.53,2026-03-18,408.01
ORD-289,Teclado Mecánico,Gaming,743.84,495.45,2026-03-10,248.39000000000004
ORD-290,Consola X,Gaming,1468.6,839.12,2026-03-10,629.4799999999999
ORD-291,Monitor 24,Computación,1682.07,1253.88,2026-03-05,428.1899999999998
ORD-292,Parlante Eco,Audio,1396.27,1069.71,2026-03-06,326.55999999999995
ORD-293,Smartphone A54,Celulares,696.35,510.98,2026-03-14,185.37
ORD-294,Auriculares BT,Audio,1209.93,952.16,2026-03-08,257.7700000000001
ORD-295,Auriculares BT,Audio,1781.65,1214.32,2026-03-01,567.3300000000002
ORD-296,Consola X,Gaming,822.48,487.61,2026-03-09,334.87
ORD-297,Laptop Pro,Computación,1860.96,1291.65,2026-03-15,569.31
ORD-298,Monitor 24,Computación,1801.06,1335.17,2026-03-07,465.8899999999999
ORD-299,Parlante Eco,Audio,1541.64,973.58,2026-03-04,568.0600000000001
ORD-300,Auriculares BT,Audio,989.05,678.47,2026-03-02,310.5799999999999
ORD-301,iPhone 15,Celulares,1081.93,628.28,2026-03-14,453.6500000000001
ORD-302,Auriculares BT,Audio,1385.77,1104.54,2026-03-19,281.23
ORD-303,iPhone 15,Celulares,1513.38,875.32,2026-03-17,638.0600000000001
ORD-304,Parlante Eco,Audio,1409.47,774.54,2026-03-13,634.9300000000001
ORD-305,Consola X,Gaming,696.79,354.78,2026-03-01,342.01
ORD-306,Smartphone A54,Celulares,1785.58,1382.62,2026-03-04,402.96000000000004
ORD-307,Monitor 24,Computación,1389.92,1025.4,2026-03-05,364.52
ORD-308,iPhone 15,Celulares,1699.44,860.05,2026-03-12,839.3900000000001
ORD-309,Auriculares BT,Audio,649.28,467.95,2026-03-14,181.32999999999998
ORD-310,iPhone 15,Celulares,721.63,501.16,2026-03-18,220.46999999999997
ORD-311,Parlante Eco,Audio,968.6,518.41,2026-03-10,450.19000000000005
ORD-312,Teclado Mecánico,Gaming,805.14,419.29,2026-03-21,385.84999999999997
ORD-313,Consola X,Gaming,515.36,409.38,2026-03-19,105.98000000000002
ORD-314,Monitor 24,Computación,654.77,425.94,2026-03-03,228.82999999999998
ORD-315,Auriculares BT,Audio,1367.53,1062.34,2026-03-06,305.19000000000005
ORD-316,iPhone 15,Celulares,1819.24,1297.97,2026-03-11,521.27
ORD-317,Monitor 24,Computación,1475.67,749.74,2026-03-17,725.9300000000001
ORD-318,Auriculares BT,Audio,1570.66,1253.06,2026-03-02,317.60000000000014
ORD-319,Laptop Pro,Computación,1313.88,885.83,2026-03-07,428.05000000000007
ORD-320,Parlante Eco,Audio,1213.94,901.98,2026-03-13,311.96000000000004
ORD-321,Parlante Eco,Audio,1532.78,1103.26,2026-03-08,429.52
ORD-322,Monitor 24,Computación,1505.9,1149.31,2026-03-01,356.59000000000015
ORD-323,Teclado Mecánico,Gaming,610.59,439.68,2026-03-17,170.91000000000003
ORD-324,iPhone 15,Celulares,545.83,286.2,2026-03-09,259.63000000000005
ORD-325,Monitor 24,Computación,1773.04,1156.4,2026-03-06,616.6399999999999
ORD-326,Parlante Eco,Audio,1947.37,1550.78,2026-03-11,396.5899999999999
ORD-327,Teclado Mecánico,Gaming,1530.63,1037.13,2026-03-01,493.5
ORD-328,iPhone 15,Celulares,890.73,491.38,2026-03-03,399.35
ORD-329,Monitor 24,Computación,871.48,556.61,2026-03-17,314.87
ORD-330,Monitor 24,Computación,504.59,326.94,2026-03-03,177.64999999999998
ORD-331,Monitor 24,Computación,1387.92,724.59,2026-03-14,663.33
ORD-332,Smartphone A54,Celulares,595.0,368.37,2026-03-19,226.63
ORD-333,Smartphone A54,Celulares,791.84,515.31,2026-03-04,276.5300000000001
ORD-334,Smartphone A54,Celulares,1182.51,712.97,2026-03-03,469.53999999999996
ORD-335,Parlante Eco,Audio,964.13,709.84,2026-03-15,254.28999999999996
ORD-336,Parlante Eco,Audio,1482.61,1092.17,2026-03-12,390.4399999999998
ORD-337,Monitor 24,Computación,1481.08,1110.79,2026-03-21,370.28999999999996
ORD-338,Teclado Mecánico,Gaming,848.88,542.71,2026-03-05,306.16999999999996
ORD-339,Parlante Eco,Audio,1729.59,1203.6,2026-03-12,525.99
ORD-340,Auriculares BT,Audio,934.36,709.83,2026-03-09,224.52999999999997
ORD-341,Parlante Eco,Audio,793.41,592.05,2026-03-08,201.36
ORD-342,Auriculares BT,Audio,1665.24,923.53,2026-03-02,741.71
ORD-343,Auriculares BT,Audio,1849.45,1261.01,2026-03-20,588.44
ORD-344,Consola X,Gaming,1892.09,1377.27,2026-03-03,514.8199999999999
ORD-345,iPhone 15,Celulares,1072.31,666.84,2026-03-18,405.4699999999999
ORD-346,Monitor 24,Computación,1346.06,993.85,2026-03-06,352.2099999999999
ORD-347,Consola X,Gaming,705.86,362.67,2026-03-16,343.19
ORD-348,Monitor 24,Computación,1358.8,945.29,2026-03-01,413.51
ORD-349,Monitor 24,Computación,1803.69,1013.6,2026-03-04,790.09
ORD-350,Auriculares BT,Audio,1055.23,528.46,2026-03-01,526.77
ORD-351,Monitor 24,Computación,1787.62,1398.3,2026-03-13,389.31999999999994
ORD-352,Parlante Eco,Audio,1284.46,830.24,2026-03-13,454.22
ORD-353,Smartphone A54,Celulares,946.32,702.16,2026-03-20,244.16000000000008
ORD-354,Monitor 24,Computación,1963.48,1158.49,2026-03-16,804.99
ORD-355,Laptop Pro,Computación,803.2,577.44,2026-03-15,225.76
ORD-356,Teclado Mecánico,Gaming,1088.4,782.89,2026-03-11,305.5100000000001
ORD-357,Teclado Mecánico,Gaming,737.54,487.01,2026-03-20,250.52999999999997
ORD-358,Parlante Eco,Audio,1460.32,774.5,2026-03-01,685.8199999999999
ORD-359,Teclado Mecánico,Gaming,1324.92,863.48,2026-03-17,461.44000000000005
ORD-360,iPhone 15,Celulares,1852.44,1214.52,2026-03-07,637.9200000000001
ORD-361,Consola X,Gaming,1054.24,756.73,2026-03-10,297.51
ORD-362,Parlante Eco,Audio,1242.37,877.73,2026-03-11,364.6399999999999
ORD-363,Teclado Mecánico,Gaming,567.57,440.21,2026-03-17,127.36000000000007
ORD-364,Teclado Mecánico,Gaming,594.21,419.05,2026-03-10,175.16000000000003
ORD-365,Auriculares BT,Audio,704.37,367.26,2026-03-01,337.11
ORD-366,iPhone 15,Celulares,999.6,685.31,2026-03-03,314.2900000000001
ORD-367,Monitor 24,Computación,521.73,299.21,2026-03-04,222.52000000000004
ORD-368,Teclado Mecánico,Gaming,1150.31,908.75,2026-03-11,241.55999999999995
ORD-369,Monitor 24,Computación,1411.14,822.83,2026-03-15,588.3100000000001
ORD-370,Monitor 24,Computación,985.17,549.22,2026-03-18,435.94999999999993
ORD-371,Auriculares BT,Audio,1450.31,753.23,2026-03-17,697.0799999999999
ORD-372,Consola X,Gaming,511.92,366.56,2026-03-19,145.36
ORD-373,Laptop Pro,Computación,1137.4,791.63,2026-03-14,345.7700000000001
ORD-374,Smartphone A54,Celulares,1035.28,644.59,2026-03-01,390.68999999999994
ORD-375,iPhone 15,Celulares,576.09,427.19,2026-03-07,148.90000000000003
ORD-376,Teclado Mecánico,Gaming,1966.84,1119.93,2026-03-07,846.9099999999999
ORD-377,iPhone 15,Celulares,1126.25,769.34,2026-03-21,356.90999999999997
ORD-378,Monitor 24,Computación,1860.24,965.56,2026-03-08,894.6800000000001
ORD-379,Laptop Pro,Computación,669.31,491.85,2026-03-21,177.45999999999992
ORD-380,Laptop Pro,Computación,1697.45,858.89,2026-03-17,838.5600000000001
ORD-381,Consola X,Gaming,1104.12,670.18,2026-03-19,433.93999999999994
ORD-382,iPhone 15,Celulares,1823.18,919.63,2026-03-10,903.5500000000001
ORD-383,Smartphone A54,Celulares,767.54,411.22,2026-03-09,356.31999999999994
ORD-384,Laptop Pro,Computación,1031.58,662.42,2026-03-17,369.15999999999997
ORD-385,Consola X,Gaming,717.86,503.08,2026-03-12,214.78000000000003
ORD-386,Consola X,Gaming,1170.32,820.13,2026-03-20,350.18999999999994
ORD-387,Auriculares BT,Audio,1582.02,1132.28,2026-03-05,449.74
ORD-388,Consola X,Gaming,1512.8,1182.72,2026-03-01,330.0799999999999
ORD-389,iPhone 15,Celulares,1815.7,987.58,2026-03-20,828.12
ORD-390,Auriculares BT,Audio,1635.52,869.44,2026-03-10,766.0799999999999
ORD-391,Smartphone A54,Celulares,789.56,618.93,2026-03-03,170.63
ORD-392,Parlante Eco,Audio,628.38,453.15,2026-03-03,175.23000000000002
ORD-393,Parlante Eco,Audio,716.78,496.78,2026-03-17,220.0
ORD-394,Parlante Eco,Audio,723.09,485.25,2026-03-21,237.84000000000003
ORD-395,iPhone 15,Celulares,1487.88,990.87,2026-03-16,497.0100000000001
ORD-396,Parlante Eco,Audio,1978.44,1229.35,2026-03-14,749.0900000000001
ORD-397,iPhone 15,Celulares,1304.41,850.21,2026-03-21,454.20000000000005
ORD-398,Teclado Mecánico,Gaming,1884.61,1115.83,2026-03-03,768.78
ORD-399,iPhone 15,Celulares,1047.02,672.16,2026-03-18,374.86
ORD-400,Auriculares BT,Audio,1921.4,1036.55,2026-03-12,884.8500000000001
ORD-401,iPhone 15,Celulares,1336.35,849.11,2026-03-10,487.2399999999999
ORD-402,Smartphone A54,Celulares,1417.7,1000.25,2026-03-01,417.45000000000005
ORD-403,Smartphone A54,Celulares,1049.35,567.41,2026-03-05,481.93999999999994
ORD-404,iPhone 15,Celulares,1575.14,1000.88,2026-03-10,574.2600000000001
ORD-405,Teclado Mecánico,Gaming,1752.63,912.82,2026-03-15,839.8100000000001
ORD-406,Consola X,Gaming,1679.21,1057.72,2026-03-12,621.49
ORD-407,iPhone 15,Celulares,818.47,619.37,2026-03-05,199.10000000000002
ORD-408,iPhone 15,Celulares,769.79,451.08,2026-03-17,318.71
ORD-409,Auriculares BT,Audio,1411.73,772.87,2026-03-18,638.86
ORD-410,Teclado Mecánico,Gaming,749.61,481.55,2026-03-14,268.06
ORD-411,Consola X,Gaming,912.46,684.91,2026-03-11,227.55000000000007
ORD-412,Monitor 24,Computación,1019.61,642.54,2026-03-12,377.07000000000005
ORD-413,Monitor 24,Computación,666.42,456.51,2026-03-20,209.90999999999997
ORD-414,iPhone 15,Celulares,1451.76,839.13,2026-03-13,612.63
ORD-415,Smartphone A54,Celulares,1717.52,1131.35,2026-03-12,586.1700000000001
ORD-416,Consola X,Gaming,1965.47,1106.38,2026-03-18,859.0899999999999
ORD-417,Consola X,Gaming,675.12,360.59,2026-03-02,314.53000000000003
ORD-418,Monitor 24,Computación,1656.91,923.3,2026-03-08,733.6100000000001
ORD-419,Laptop Pro,Computación,1807.56,1084.92,2026-03-05,722.6399999999999
ORD-420,Laptop Pro,Computación,1642.02,1057.57,2026-03-06,584.45
ORD-421,Auriculares BT,Audio,1164.81,622.9,2026-03-19,541.91
ORD-422,iPhone 15,Celulares,506.85,326.9,2026-03-12,179.95000000000005
ORD-423,Teclado Mecánico,Gaming,709.93,487.98,2026-03-15,221.94999999999993
ORD-424,Laptop Pro,Computación,757.55,588.69,2026-03-18,168.8599999999999
ORD-425,Monitor 24,Computación,1811.73,1080.25,2026-03-07,731.48
ORD-426,Parlante Eco,Audio,1410.68,769.74,2026-03-01,640.94
ORD-427,Teclado Mecánico,Gaming,1554.14,1079.65,2026-03-12,474.49
ORD-428,Consola X,Gaming,1054.66,565.54,2026-03-20,489.1200000000001
ORD-429,Consola X,Gaming,1630.65,1067.13,2026-03-20,563.52
ORD-430,Auriculares BT,Audio,1196.37,894.94,2026-03-05,301.42999999999984
ORD-431,Consola X,Gaming,1689.03,914.85,2026-03-04,774.18
ORD-432,Consola X,Gaming,1599.76,1119.66,2026-03-20,480.0999999999999
ORD-433,iPhone 15,Celulares,1299.14,973.31,2026-03-11,325.83000000000015
ORD-434,Laptop Pro,Computación,724.97,510.12,2026-03-16,214.85000000000002
ORD-435,Consola X,Gaming,1862.86,1148.11,2026-03-16,714.75
ORD-436,Parlante Eco,Audio,1109.26,787.59,2026-03-04,321.66999999999996
ORD-437,Auriculares BT,Audio,727.2,476.24,2026-03-21,250.96000000000004
ORD-438,iPhone 15,Celulares,822.24,448.37,2026-03-08,373.87
ORD-439,Parlante Eco,Audio,772.34,406.38,2026-03-09,365.96000000000004
ORD-440,iPhone 15,Celulares,767.72,562.44,2026-03-14,205.27999999999997
ORD-441,Auriculares BT,Audio,1297.92,667.68,2026-03-10,630.2400000000001
ORD-442,Laptop Pro,Computación,1540.12,981.75,2026-03-21,558.3699999999999
ORD-443,Laptop Pro,Computación,985.74,658.94,2026-03-19,326.79999999999995
ORD-444,iPhone 15,Celulares,530.22,321.5,2026-03-04,208.72000000000003
ORD-445,Teclado Mecánico,Gaming,1668.01,1179.56,2026-03-14,488.45000000000005
ORD-446,Consola X,Gaming,557.19,428.62,2026-03-03,128.57000000000005
ORD-447,Smartphone A54,Celulares,1974.76,1039.14,2026-03-04,935.6199999999999
ORD-448,Teclado Mecánico,Gaming,1054.13,682.1,2026-03-20,372.0300000000001
ORD-449,Monitor 24,Computación,689.41,485.66,2026-03-21,203.74999999999994
ORD-450,Teclado Mecánico,Gaming,1574.32,1154.24,2026-03-21,420.0799999999999
ORD-451,Monitor 24,Computación,707.98,443.03,2026-03-05,264.95000000000005
ORD-452,iPhone 15,Celulares,1618.87,1045.53,2026-03-09,573.3399999999999
ORD-453,Monitor 24,Computación,1423.6,926.83,2026-03-18,496.76999999999987
ORD-454,Laptop Pro,Computación,1653.51,1002.32,2026-03-11,651.1899999999999
ORD-455,Parlante Eco,Audio,539.07,424.65,2026-03-04,114.42000000000007
ORD-456,Consola X,Gaming,1100.02,708.92,2026-03-17,391.1
ORD-457,Parlante Eco,Audio,974.43,614.9,2026-03-10,359.53
ORD-458,Smartphone A54,Celulares,545.64,279.02,2026-03-01,266.62
ORD-459,Parlante Eco,Audio,1148.23,588.61,2026-03-01,559.62
ORD-460,Smartphone A54,Celulares,743.14,520.63,2026-03-04,222.51
ORD-461,Monitor 24,Computación,1306.39,684.75,2026-03-01,621.6400000000001
ORD-462,Parlante Eco,Audio,1920.41,1515.0,2026-03-21,405.4100000000001
ORD-463,iPhone 15,Celulares,1982.16,1221.74,2026-03-18,760.4200000000001
ORD-464,Smartphone A54,Celulares,1533.01,985.35,2026-03-14,547.66
ORD-465,Parlante Eco,Audio,1027.98,602.6,2026-03-03,425.38
ORD-466,Smartphone A54,Celulares,1908.88,1462.52,2026-03-03,446.3600000000001
ORD-467,Smartphone A54,Celulares,964.65,728.79,2026-03-17,235.86
ORD-468,Smartphone A54,Celulares,988.23,766.09,2026-03-21,222.14
ORD-469,Teclado Mecánico,Gaming,1432.31,975.14,2026-03-13,457.16999999999996
ORD-470,Smartphone A54,Celulares,905.26,604.31,2026-03-13,300.95000000000005
ORD-471,Auriculares BT,Audio,1555.91,1100.12,2026-03-09,455.7900000000002
ORD-472,Teclado Mecánico,Gaming,1816.53,1248.09,2026-03-15,568.44
ORD-473,iPhone 15,Celulares,1617.34,1258.57,2026-03-13,358.77
ORD-474,Parlante Eco,Audio,839.8,600.41,2026-03-20,239.39
ORD-475,Monitor 24,Computación,1998.19,1029.68,2026-03-17,968.51
ORD-476,Laptop Pro,Computación,1836.12,941.02,2026-03-21,895.0999999999999
ORD-477,Consola X,Gaming,858.79,495.97,2026-03-13,362.81999999999994
ORD-478,Parlante Eco,Audio,1875.34,1169.08,2026-03-10,706.26
ORD-479,Monitor 24,Computación,1782.9,1043.81,2026-03-21,739.0900000000001
ORD-480,iPhone 15,Celulares,900.14,525.6,2026-03-07,374.53999999999996
ORD-481,Parlante Eco,Audio,815.45,581.66,2026-03-20,233.79000000000008
ORD-482,Laptop Pro,Computación,1101.83,554.01,2026-03-13,547.8199999999999
ORD-483,Parlante Eco,Audio,771.29,605.11,2026-03-03,166.17999999999995
ORD-484,Smartphone A54,Celulares,560.34,367.09,2026-03-16,193.25000000000006
ORD-485,Parlante Eco,Audio,855.59,569.12,2026-03-16,286.47
ORD-486,Teclado Mecánico,Gaming,1355.26,686.02,2026-03-06,669.24
ORD-487,Parlante Eco,Audio,586.18,333.15,2026-03-04,253.02999999999997
ORD-488,Smartphone A54,Celulares,1657.76,1119.4,2026-03-15,538.3599999999999
ORD-489,Monitor 24,Computación,1557.97,1167.21,2026-03-04,390.76
ORD-490,Consola X,Gaming,1185.57,710.25,2026-03-01,475.31999999999994
ORD-491,Monitor 24,Computación,1031.43,610.45,2026-03-15,420.98
ORD-492,iPhone 15,Celulares,792.8,486.1,2026-03-10,306.69999999999993
ORD-493,Consola X,Gaming,687.28,455.43,2026-03-05,231.84999999999997
ORD-494,iPhone 15,Celulares,1346.13,763.68,2026-03-15,582.4500000000002
ORD-495,Smartphone A54,Celulares,735.36,490.67,2026-03-11,244.69
ORD-496,Laptop Pro,Computación,1242.91,770.47,2026-03-13,472.44000000000005
ORD-497,Smartphone A54,Celulares,1982.44,1426.27,2026-03-18,556.1700000000001
ORD-498,iPhone 15,Celulares,935.36,574.85,2026-03-07,360.51
ORD-499,Auriculares BT,Audio,1798.78,1305.13,2026-03-08,493.64999999999986
